user_id,purchase_probability
509589786,0.96
512539747,0.96
504622921,0.96
481602774,0.96
448550901,0.96
433733295,0.9452301307031248
512398167,0.9452301307031248
512570601,0.9384275202259664
507888120,0.9384275202259664
456744720,0.9384275202259664
