user_id,purchase_probability
512555640,0.96
479509967,0.9432285850914635
512520627,0.9369768494885851
512684511,0.9369768494885851
512603524,0.93
512436043,0.93
512648032,0.93
512442062,0.9299339041094602
512511828,0.9299339041094602
512489951,0.9299339041094602
